[{"_id":"6853191af7bdacbdd85bd310","url":"https://github.com/Tejaswini4119/PhishVault/tree/main","screenshot":"/screenshots/0964aa7e-1fe5-4cfa-8890-4f972fc294cd.png","redirects":["https://github.com/Tejaswini4119/PhishVault/tree/main"],"logs":[],"cookies":[{"name":"_gh_sess","value":"JPXyRlNvUlcs%2F41kvTyXbSE1VfG4u0jwfKLoxttlAXqX%2F0sTnid5uNpLw2KiooQK%2FVbedslgx2bXLSBczPeBtBN84ISwbEsrMfFy4dMmj80ZhHm4VASiBWvnv6wRnCiJvnE%2BfBrFrBWQKNtGXRLCoEbTsenVhzLM3hx7V2VkWE1wHgMYiCTq4U0NZnSu8hCNBxIGIOXi0n7RfnzCKzKq5cAyW8vvsTcfn%2BbZVNn2TzGLDcbvGgTrl8YVsw4cVqtATkRheQQmqe%2BXYhWcbN05lw%3D%3D--2oka2KkwQiM7a47E--kY2gGLbbPuWYb0iOQgHT%2BA%3D%3D","domain":"github.com","path":"/","expires":-1,"size":354,"httpOnly":true,"secure":true,"session":true,"sameSite":"Lax","priority":"Medium","sameParty":false,"sourceScheme":"Secure","sourcePort":443},{"name":"_octo","value":"GH1.1.1287674169.1750276371","domain":".github.com","path":"/","expires":1781812371.139033,"size":32,"httpOnly":false,"secure":true,"session":false,"sameSite":"Lax","priority":"Medium","sameParty":false,"sourceScheme":"Secure","sourcePort":443},{"name":"logged_in","value":"no","domain":".github.com","path":"/","expires":1781812371.139088,"size":11,"httpOnly":true,"secure":true,"session":false,"sameSite":"Lax","priority":"Medium","sameParty":false,"sourceScheme":"Secure","sourcePort":443},{"name":"cpu_bucket","value":"lg","domain":".github.com","path":"/","expires":-1,"size":12,"httpOnly":false,"secure":true,"session":true,"sameSite":"Lax","priority":"Medium","sameParty":false,"sourceScheme":"Secure","sourcePort":443},{"name":"preferred_color_mode","value":"dark","domain":".github.com","path":"/","expires":-1,"size":24,"httpOnly":false,"secure":true,"session":true,"sameSite":"Lax","priority":"Medium","sameParty":false,"sourceScheme":"Secure","sourcePort":443},{"name":"tz","value":"Asia%2FCalcutta","domain":".github.com","path":"/","expires":-1,"size":17,"httpOnly":false,"secure":true,"session":true,"sameSite":"Lax","priority":"Medium","sameParty":false,"sourceScheme":"Secure","sourcePort":443}],"verdict":"Safe","score":1,"notes":["Excessive cookies"],"timestamp":"2025-06-18T19:52:58.389Z","__v":0},{"_id":"6853173dd4c6db202872bd5e","url":"https://example.com/","redirects":["https://example.com/"],"logs":[],"cookies":[],"verdict":"Safe","score":0,"notes":[],"timestamp":"2025-06-18T19:45:01.114Z","__v":0},{"_id":"68531736d4c6db202872bd5c","url":"https://example.com/","redirects":["https://example.com/"],"logs":[],"cookies":[],"verdict":"Safe","score":0,"notes":[],"timestamp":"2025-06-18T19:44:54.883Z","__v":0},{"_id":"685313f70f3b6b003d3c335f","url":"https://example-phish-site.com/","redirects":[],"logs":["[ERROR] net::ERR_NAME_NOT_RESOLVED at https://example-phish-site.com/"],"cookies":[],"verdict":"Safe","score":0,"notes":[],"timestamp":"2025-06-18T19:31:03.649Z","__v":0},{"_id":"68530f21bfe4271d5be0b6a4","url":"https://example-phish-site.com/","screenshot":"screenshots/fe8ce6cf-bf39-4514-b50e-dc3f4a61cb06.png","redirects":[],"logs":["[ERROR] net::ERR_NAME_NOT_RESOLVED at https://example-phish-site.com/"],"cookies":[],"verdict":"Safe","score":0,"notes":[],"timestamp":"2025-06-18T19:10:25.523Z","__v":0}]